iterations,mean
0,-7,6
1,-8
2,-8
3,-8
4,-8,6
5,-8,6
6,-8,6
7,-8,6
8,-9
9,-9
10,-9
11,-9,2
12,-9,2
13,-9,4
14,-9,6
15,-10,2
16,-10,4
17,-10,4
18,-10,4
19,-10,4
20,-10,6
21,-10,6
22,-10,6
23,-11
24,-11,2
25,-11,6
26,-12,2
27,-12,2
28,-12,2
29,-12,2
30,-12,8
31,-12,8
32,-12,8
33,-13
34,-13,2
35,-13,4
36,-13,6
37,-13,6
38,-13,6
39,-13,6
40,-13,8
41,-14,4
42,-14,4
43,-14,4
44,-14,4
45,-14,4
46,-14,4
47,-14,6
48,-14,6
49,-14,6
50,-14,6
51,-14,6
52,-14,6
53,-14,6
54,-14,6
55,-14,6
56,-14,6
57,-14,6
58,-15
59,-15
60,-15
61,-15
62,-15
63,-15,4
64,-15,4
65,-15,4
66,-15,4
67,-15,4
68,-15,4
69,-15,4
70,-15,4
71,-15,6
72,-15,6
73,-15,8
74,-16
75,-16
76,-16,4
77,-16,4
78,-16,4
79,-16,4
80,-16,6
81,-16,6
82,-16,6
83,-16,6
84,-16,6
85,-16,6
86,-16,6
87,-16,6
88,-16,6
89,-16,6
90,-16,6
91,-16,6
92,-16,6
93,-16,6
94,-16,6
95,-16,6
96,-16,6
97,-17,2
98,-17,2
99,-17,2
100,-17,2
101,-17,4
102,-17,4
103,-17,4
104,-17,4
105,-17,4
106,-17,4
107,-17,4
108,-17,4
109,-17,4
110,-18
111,-18
112,-18
113,-18
114,-18
115,-18
116,-18
117,-18
118,-18
119,-18
120,-18
121,-18
122,-18
123,-18
124,-18,2
125,-18,2
126,-18,2
127,-18,2
128,-18,2
129,-18,2
130,-18,2
131,-18,2
132,-18,2
133,-18,4
134,-18,4
135,-18,4
136,-18,4
137,-18,4
138,-18,4
139,-18,4
140,-18,4
141,-18,4
142,-18,4
143,-18,4
144,-18,4
145,-18,4
146,-18,4
147,-18,4
148,-18,4
149,-18,4
150,-18,4
151,-18,4
152,-18,4
153,-18,4
154,-18,4
155,-18,4
156,-18,4
157,-18,4
158,-18,4
159,-18,4
160,-18,4
161,-18,4
162,-18,4
163,-18,4
164,-18,4
165,-18,4
166,-18,4
167,-18,4
168,-18,4
169,-18,4
170,-18,4
171,-18,4
172,-18,4
173,-18,4
174,-18,4
175,-18,4
176,-18,4
177,-18,4
178,-18,4
179,-18,4
180,-18,4
181,-18,4
182,-18,4
183,-18,4
184,-18,4
185,-18,4
186,-18,4
187,-18,4
188,-18,4
189,-18,4
190,-18,4
191,-18,4
192,-18,4
193,-18,4
194,-18,4
195,-18,4
196,-18,8
197,-18,8
198,-18,8
199,-18,8
200,-18,8
201,-18,8
202,-18,8
203,-18,8
204,-18,8
205,-18,8
206,-18,8
207,-18,8
208,-18,8
209,-18,8
210,-18,8
211,-18,8
212,-18,8
213,-19
214,-19
215,-20
216,-20
217,-20
218,-20
219,-20
220,-20
221,-20
222,-20
223,-20
224,-20
225,-20
226,-20
227,-20
228,-20
229,-20
230,-20
231,-20
232,-20
233,-20
234,-20
235,-20
236,-20
237,-20
238,-20
239,-20
240,-20
241,-20
242,-20
243,-20
244,-20
245,-20,2
246,-20,2
247,-20,2
248,-20,2
249,-20,2
250,-20,2
251,-20,2
252,-20,2
253,-20,2
254,-20,2
255,-20,2
256,-20,4
257,-20,4
258,-20,4
259,-20,4
260,-20,4
261,-20,4
262,-20,4
263,-20,4
264,-20,4
265,-20,6
266,-20,6
267,-20,6
268,-20,6
269,-20,6
270,-20,6
271,-20,6
272,-20,6
273,-20,6
274,-20,6
275,-20,6
276,-20,6
277,-20,6
278,-20,6
279,-20,6
280,-20,6
281,-20,6
282,-20,6
283,-20,6
284,-20,6
285,-20,6
286,-20,6
287,-20,6
288,-20,8
289,-20,8
290,-20,8
291,-20,8
292,-20,8
293,-20,8
294,-20,8
295,-21
296,-21
297,-21
298,-21
299,-21
300,-21
301,-21
302,-21
303,-21
304,-21
305,-21
306,-21
307,-21
308,-21
309,-21
310,-21
311,-21
312,-21
313,-21
314,-21
315,-21
316,-21
317,-21
318,-21
319,-21
320,-21
321,-21
322,-21
323,-21
324,-21
325,-21
326,-21
327,-21
328,-21
329,-21
330,-21
331,-21
332,-21
333,-21
334,-21
335,-21
336,-21
337,-21
338,-21
339,-21
340,-21
341,-21
342,-21
343,-21
344,-21
345,-21
346,-21,2
347,-21,2
348,-21,2
349,-21,2
350,-21,2
351,-21,2
352,-21,2
353,-21,2
354,-21,2
355,-21,2
356,-21,2
357,-21,2
358,-21,2
359,-21,2
360,-21,2
361,-21,2
362,-21,2
363,-21,2
364,-21,2
365,-21,2
366,-21,2
367,-21,2
368,-21,2
369,-21,2
370,-21,2
371,-21,6
372,-21,6
373,-21,6
374,-21,6
375,-21,6
376,-21,6
377,-21,6
378,-21,6
379,-21,6
380,-21,6
381,-21,6
382,-21,6
383,-21,6
384,-21,6
385,-21,6
386,-21,6
387,-21,6
388,-21,6
389,-21,6
390,-21,6
391,-21,6
392,-21,6
393,-21,6
394,-21,6
395,-21,6
396,-21,6
397,-21,8
398,-21,8
399,-21,8
400,-21,8
401,-21,8
402,-21,8
403,-21,8
404,-21,8
405,-21,8
406,-21,8
407,-21,8
408,-21,8
409,-21,8
410,-21,8
411,-21,8
412,-21,8
413,-21,8
414,-21,8
415,-21,8
416,-21,8
417,-21,8
418,-21,8
419,-21,8
420,-21,8
421,-21,8
422,-21,8
423,-21,8
424,-21,8
425,-21,8
426,-21,8
427,-21,8
428,-21,8
429,-21,8
430,-21,8
431,-21,8
432,-21,8
433,-21,8
434,-21,8
435,-21,8
436,-21,8
437,-21,8
438,-21,8
439,-21,8
440,-21,8
441,-21,8
442,-21,8
443,-21,8
444,-21,8
445,-21,8
446,-21,8
447,-21,8
448,-21,8
449,-21,8
450,-21,8
451,-21,8
452,-21,8
453,-21,8
454,-21,8
455,-21,8
456,-21,8
457,-21,8
458,-21,8
459,-21,8
460,-21,8
461,-21,8
462,-21,8
463,-21,8
464,-21,8
465,-21,8
466,-21,8
467,-21,8
468,-21,8
469,-21,8
470,-21,8
471,-21,8
472,-21,8
473,-21,8
474,-21,8
475,-21,8
476,-21,8
477,-21,8
478,-21,8
479,-21,8
480,-21,8
481,-21,8
482,-21,8
483,-21,8
484,-21,8
485,-21,8
486,-21,8
487,-21,8
488,-21,8
489,-21,8
490,-21,8
491,-21,8
492,-21,8
493,-21,8
494,-21,8
495,-21,8
496,-21,8
497,-21,8
498,-21,8
499,-21,8
500,-21,8
501,-21,8
502,-21,8
503,-21,8
504,-21,8
505,-21,8
506,-21,8
507,-21,8
508,-21,8
509,-21,8
510,-21,8
511,-21,8
512,-21,8
513,-21,8
514,-21,8
515,-21,8
516,-21,8
517,-21,8
518,-21,8
519,-21,8
520,-21,8
521,-21,8
522,-21,8
523,-21,8
524,-21,8
525,-21,8
526,-21,8
527,-21,8
528,-21,8
529,-21,8
530,-21,8
531,-21,8
532,-21,8
533,-21,8
534,-21,8
535,-21,8
536,-21,8
537,-21,8
538,-21,8
539,-21,8
540,-21,8
541,-21,8
542,-21,8
543,-21,8
544,-21,8
545,-21,8
546,-21,8
547,-21,8
548,-21,8
549,-21,8
550,-21,8
551,-21,8
552,-21,8
553,-21,8
554,-21,8
555,-21,8
556,-21,8
557,-21,8
558,-21,8
559,-21,8
560,-21,8
561,-21,8
562,-21,8
563,-21,8
564,-21,8
565,-21,8
566,-21,8
567,-21,8
568,-21,8
569,-21,8
570,-21,8
571,-21,8
572,-21,8
573,-21,8
574,-21,8
575,-21,8
576,-21,8
577,-21,8
578,-21,8
579,-21,8
580,-21,8
581,-21,8
582,-21,8
583,-22
584,-22
585,-22
586,-22
587,-22
588,-22
589,-22
590,-22
591,-22
592,-22
593,-22
594,-22
595,-22
596,-22
597,-22
598,-22
599,-22
600,-22
601,-22
602,-22
603,-22
604,-22
605,-22
606,-22
607,-22
608,-22
609,-22
610,-22
611,-22
612,-22
613,-22
614,-22
615,-22
616,-22
617,-22
618,-22
619,-22
620,-22
621,-22
622,-22
623,-22
624,-22
625,-22
626,-22
627,-22
628,-22
629,-22
630,-22
631,-22
632,-22
633,-22
634,-22
635,-22
636,-22
637,-22
638,-22
639,-22
640,-22
641,-22
642,-22
643,-22
644,-22
645,-22
646,-22
647,-22
648,-22
649,-22
650,-22
651,-22
652,-22
653,-22
654,-22
655,-22
656,-22
657,-22
658,-22
659,-22
660,-22
661,-22
662,-22
663,-22
664,-22
665,-22
666,-22
667,-22
668,-22
669,-22
670,-22
671,-22
672,-22
673,-22
674,-22
675,-22
676,-22
677,-22
678,-22
679,-22
680,-22
681,-22
682,-22
683,-22
684,-22
685,-22
686,-22
687,-22
688,-22
689,-22
690,-22
691,-22
692,-22
693,-22
694,-22
695,-22
696,-22
697,-22
698,-22
699,-22
700,-22
701,-22
702,-22
703,-22
704,-22
705,-22
706,-22
707,-22
708,-22
709,-22
710,-22
711,-22
712,-22
713,-22
714,-22
715,-22
716,-22
717,-22
718,-22
719,-22
720,-22
721,-22
722,-22
723,-22
724,-22
725,-22
726,-22
727,-22
728,-22
729,-22
730,-22
731,-22
732,-22
733,-22
734,-22
735,-22
736,-22
737,-22
738,-22
739,-22
740,-22
741,-22
742,-22
743,-22
744,-22
745,-22
746,-22
747,-22
748,-22
749,-22
750,-22
751,-22
752,-22
753,-22
754,-22
755,-22
756,-22
757,-22
758,-22
759,-22
760,-22
761,-22
762,-22
763,-22
764,-22
765,-22
766,-22
767,-22
768,-22
769,-22
770,-22
771,-22
772,-22
773,-22
774,-22
775,-22
776,-22
777,-22
778,-22
779,-22
780,-22
781,-22
782,-22
783,-22
784,-22
785,-22
786,-22
787,-22
788,-22
789,-22
790,-22
791,-22
792,-22
793,-22
794,-22
795,-22
796,-22
797,-22
798,-22
799,-22
800,-22
801,-22
802,-22
803,-22
804,-22
805,-22
806,-22
807,-22
808,-22
809,-22
810,-22
811,-22
812,-22
813,-22
814,-22
815,-22
816,-22
817,-22
818,-22
819,-22
820,-22
821,-22
822,-22
823,-22
824,-22
825,-22
826,-22
827,-22
828,-22
829,-22
830,-22
831,-22
832,-22
833,-22
834,-22
835,-22
836,-22
837,-22
838,-22
839,-22
840,-22
841,-22
842,-22
843,-22
844,-22
845,-22
846,-22
847,-22
848,-22
849,-22
850,-22
851,-22
852,-22
853,-22
854,-22
855,-22
856,-22
857,-22
858,-22
859,-22
860,-22
861,-22
862,-22
863,-22
864,-22
865,-22
866,-22
867,-22
868,-22
869,-22
870,-22
871,-22
872,-22
873,-22
874,-22
875,-22
876,-22
877,-22
878,-22
879,-22
880,-22
881,-22
882,-22
883,-22
884,-22
885,-22
886,-22
887,-22
888,-22
889,-22
890,-22
891,-22
892,-22
893,-22
894,-22
895,-22
896,-22
897,-22
898,-22
899,-22
900,-22
901,-22
902,-22
903,-22
904,-22
905,-22
906,-22
907,-22
908,-22
909,-22
910,-22
911,-22
912,-22
913,-22
914,-22
915,-22
916,-22
917,-22
918,-22
919,-22
920,-22
921,-22
922,-22
923,-22
924,-22
925,-22
926,-22
927,-22
928,-22
929,-22
930,-22
931,-22
932,-22
933,-22
934,-22
935,-22
936,-22
937,-22
938,-22
939,-22
940,-22
941,-22
942,-22
943,-22
944,-22
945,-22
946,-22
947,-22
948,-22
949,-22
950,-22
951,-22
952,-22
953,-22
954,-22
955,-22
956,-22
957,-22
958,-22
959,-22
960,-22
961,-22
962,-22
963,-22
964,-22
965,-22
966,-22
967,-22
968,-22
969,-22
970,-22
971,-22
972,-22
973,-22
974,-22
975,-22
976,-22
977,-22
978,-22
979,-22
980,-22
981,-22
982,-22
983,-22
984,-22
985,-22
986,-22
987,-22
988,-22
989,-22
990,-22
991,-22
992,-22
993,-22
994,-22
995,-22
996,-22
997,-22
998,-22
999,-22
1000,-22
